{
	"textures": {
		"0": "item/custom/lordcamelot/shield1",
		"1": "item/custom/lordcamelot/shield2",
		"2": "item/custom/lordcamelot/shield3",
		"particle": "item/custom/lordcamelot/shield1"
	},
	"elements": [
		{
			"from": [0.5, 8, 7.5],
			"to": [15.5, 20, 8.5],
			"faces": {
				"north": {"uv": [0, 0, 15, 12], "texture": "#0"},
				"east": {"uv": [0, 0, 1, 12], "texture": "#0"},
				"south": {"uv": [0, 0, 16, 16], "texture": "#0"},
				"west": {"uv": [0, 0, 1, 12], "texture": "#0"},
				"up": {"uv": [0, 0, 15, 1], "texture": "#0"},
				"down": {"uv": [0, 0, 15, 1], "texture": "#0"}
			}
		},
		{
			"from": [5.5, 17, 6.5],
			"to": [18.5, 25, 7.5],
			"faces": {
				"north": {"uv": [0, 0, 13, 8], "texture": "#1"},
				"east": {"uv": [0, 0, 1, 8], "texture": "#1"},
				"south": {"uv": [0, 0, 16, 16], "texture": "#1"},
				"west": {"uv": [0, 0, 1, 8], "texture": "#1"},
				"up": {"uv": [0, 0, 13, 1], "texture": "#1"},
				"down": {"uv": [0, 0, 13, 1], "texture": "#1"}
			}
		},
		{
			"from": [10.5, 3, 6.5],
			"to": [18.5, 17, 7.5],
			"faces": {
				"north": {"uv": [0, 2, 8, 16], "texture": "#1"},
				"east": {"uv": [0, 0, 1, 14], "texture": "#1"},
				"south": {"uv": [0, 0, 16, 16], "texture": "#1"},
				"west": {"uv": [0, 0, 1, 14], "texture": "#1"},
				"up": {"uv": [0, 0, 8, 1], "texture": "#1"},
				"down": {"uv": [0, 0, 8, 1], "texture": "#1"}
			}
		},
		{
			"from": [-2.5, 3, 6.5],
			"to": [10.5, 11, 7.5],
			"faces": {
				"north": {"uv": [3, 8, 16, 16], "texture": "#1"},
				"east": {"uv": [0, 0, 1, 8], "texture": "#1"},
				"south": {"uv": [0, 0, 16, 16], "texture": "#1"},
				"west": {"uv": [0, 0, 1, 8], "texture": "#1"},
				"up": {"uv": [0, 0, 13, 1], "texture": "#1"},
				"down": {"uv": [0, 0, 13, 1], "texture": "#1"}
			}
		},
		{
			"from": [-7.5, 15, 7.5],
			"to": [4.5, 21, 8.25],
			"faces": {
				"north": {"uv": [0, 0, 2, 6], "texture": "#2"},
				"east": {"uv": [0, 0, 0.75, 6], "texture": "#2"},
				"south": {"uv": [10, 0, 16, 14], "texture": "#2"},
				"west": {"uv": [0, 0, 0.75, 6], "texture": "#2"},
				"up": {"uv": [0, 0, 12, 0.75], "rotation": 180, "texture": "#2"},
				"down": {"uv": [0, 0, 2, 1], "texture": "#2"}
			}
		},
		{
			"from": [4.5, 20, 7.5],
			"to": [11.5, 27, 8.25],
			"faces": {
				"north": {"uv": [14, 0, 16, 14], "rotation": 180, "texture": "#2"},
				"east": {"uv": [0, 0, 0.75, 7], "texture": "#2"},
				"south": {"uv": [2, 0, 14, 14], "rotation": 180, "texture": "#2"},
				"west": {"uv": [0, 0, 0.75, 7], "texture": "#2"},
				"up": {"uv": [0, 15, 1, 16], "texture": "#2"},
				"down": {"uv": [0, 0, 7, 0.75], "texture": "#2"}
			}
		},
		{
			"from": [4.5, -9, 7.5],
			"to": [11.5, 8, 8.25],
			"faces": {
				"north": {"uv": [0, 0, 2, 13], "texture": "#2"},
				"east": {"uv": [0, 0, 0.75, 16], "texture": "#2"},
				"south": {"uv": [2, 0, 14, 13], "texture": "#2"},
				"west": {"uv": [0, 0, 0.75, 16], "texture": "#2"},
				"up": {"uv": [0, 0, 7, 0.75], "texture": "#2"},
				"down": {"uv": [0, 13, 1, 16], "rotation": 180, "texture": "#2"}
			}
		},
		{
			"from": [4.5, 27, 7.5],
			"to": [7.5, 31, 8.25],
			"faces": {
				"north": {"uv": [0, 14, 2, 16], "rotation": 180, "texture": "#2"},
				"east": {"uv": [0, 15, 1, 16], "texture": "#2"},
				"south": {"uv": [7, 9, 14, 15], "rotation": 180, "texture": "#2"},
				"west": {"uv": [0, 0, 0.75, 4], "texture": "#2"},
				"up": {"uv": [0, 15, 2, 16], "texture": "#2"},
				"down": {"uv": [0, 0, 3, 0.75], "texture": "#2"}
			}
		},
		{
			"from": [4.5, -15, 7.5],
			"to": [7.5, -9, 8.25],
			"faces": {
				"north": {"uv": [0, 14, 2, 16], "texture": "#2"},
				"east": {"uv": [0, 0, 0.75, 3], "texture": "#2"},
				"south": {"uv": [2, 9, 9, 16], "texture": "#2"},
				"west": {"uv": [0, 0, 0.75, 3], "texture": "#2"},
				"up": {"uv": [0, 0, 3, 0.75], "texture": "#2"},
				"down": {"uv": [0, 15, 1, 16], "texture": "#2"}
			}
		},
		{
			"from": [8.5, 27, 7.5],
			"to": [11.5, 31, 8.25],
			"faces": {
				"north": {"uv": [0, 14, 2, 16], "texture": "#2"},
				"east": {"uv": [0, 0, 0.75, 4], "texture": "#2"},
				"south": {"uv": [2, 9, 9, 15], "rotation": 180, "texture": "#2"},
				"west": {"uv": [0, 15, 1, 16], "texture": "#2"},
				"up": {"uv": [0, 15, 2, 16], "texture": "#2"},
				"down": {"uv": [0, 0, 3, 0.75], "texture": "#2"}
			}
		},
		{
			"from": [8.5, -15, 7.5],
			"to": [11.5, -9, 8.25],
			"faces": {
				"north": {"uv": [0, 14, 2, 16], "texture": "#2"},
				"east": {"uv": [0, 0, 0.75, 3], "texture": "#2"},
				"south": {"uv": [7, 9, 14, 16], "texture": "#2"},
				"west": {"uv": [0, 0, 0.75, 3], "texture": "#2"},
				"up": {"uv": [0, 0, 3, 0.75], "texture": "#2"},
				"down": {"uv": [0, 15, 1, 16], "texture": "#2"}
			}
		},
		{
			"from": [1.5, 21, 7.5],
			"to": [4.5, 32, 8.25],
			"faces": {
				"north": {"uv": [0, 0, 2, 16], "rotation": 180, "texture": "#2"},
				"east": {"uv": [0, 14, 1, 16], "texture": "#2"},
				"south": {"uv": [10, 0, 16, 16], "rotation": 180, "texture": "#2"},
				"west": {"uv": [0, 0, 2, 16], "rotation": 180, "texture": "#2"},
				"up": {"uv": [0, 15, 2, 16], "texture": "#2"},
				"down": {"uv": [0, 0, 3, 0.75], "texture": "#2"}
			}
		},
		{
			"from": [11.5, -16, 7.5],
			"to": [14.5, 3, 8.25],
			"faces": {
				"north": {"uv": [0, 0, 2, 16], "texture": "#2"},
				"east": {"uv": [0, 0, 0.75, 16], "texture": "#2"},
				"south": {"uv": [10, 0, 16, 16], "texture": "#2"},
				"west": {"uv": [0, 0, 0.75, 16], "texture": "#2"},
				"up": {"uv": [0, 0, 3, 0.75], "texture": "#2"},
				"down": {"uv": [0, 15, 1, 16], "texture": "#2"}
			}
		},
		{
			"from": [1.5, -16, 7.5],
			"to": [4.5, 3, 8.25],
			"faces": {
				"north": {"uv": [0, 0, 2, 16], "texture": "#2"},
				"east": {"uv": [0, 0, 0.75, 16], "texture": "#2"},
				"south": {"uv": [0, 0, 6, 16], "texture": "#2"},
				"west": {"uv": [0, 0, 0.75, 16], "texture": "#2"},
				"up": {"uv": [0, 0, 3, 0.75], "texture": "#2"},
				"down": {"uv": [0, 15, 1, 16], "texture": "#2"}
			}
		},
		{
			"from": [11.5, 21, 7.5],
			"to": [14.5, 32, 8.25],
			"faces": {
				"north": {"uv": [0, 0, 2, 16], "rotation": 180, "texture": "#2"},
				"east": {"uv": [0, 0, 2, 16], "rotation": 180, "texture": "#2"},
				"south": {"uv": [0, 0, 6, 16], "rotation": 180, "texture": "#2"},
				"west": {"uv": [0, 15, 1, 16], "texture": "#2"},
				"up": {"uv": [0, 15, 2, 16], "texture": "#2"},
				"down": {"uv": [0, 0, 3, 0.75], "texture": "#2"}
			}
		},
		{
			"from": [-7.5, 7, 7.5],
			"to": [4.5, 13, 8.25],
			"faces": {
				"north": {"uv": [0, 0, 2, 6], "texture": "#2"},
				"east": {"uv": [0, 0, 0.75, 6], "texture": "#2"},
				"south": {"uv": [10, 0, 16, 14], "texture": "#2"},
				"west": {"uv": [0, 0, 0.75, 6], "texture": "#2"},
				"up": {"uv": [0, 0, 12, 0.75], "rotation": 180, "texture": "#2"},
				"down": {"uv": [0, 0, 2, 1], "texture": "#2"}
			}
		},
		{
			"from": [11.5, 15, 7.5],
			"to": [23.5, 21, 8.25],
			"faces": {
				"north": {"uv": [0, 0, 2, 6], "texture": "#2"},
				"east": {"uv": [0, 0, 0.75, 6], "texture": "#2"},
				"south": {"uv": [0, 0, 6, 14], "texture": "#2"},
				"west": {"uv": [0, 0, 0.75, 6], "texture": "#2"},
				"up": {"uv": [0, 0, 12, 0.75], "texture": "#2"},
				"down": {"uv": [0, 0, 2, 1], "texture": "#2"}
			}
		},
		{
			"from": [11.5, 7, 7.5],
			"to": [23.5, 13, 8.25],
			"faces": {
				"north": {"uv": [0, 0, 2, 6], "texture": "#2"},
				"east": {"uv": [0, 0, 0.75, 6], "texture": "#2"},
				"south": {"uv": [0, 0, 6, 14], "texture": "#2"},
				"west": {"uv": [0, 0, 0.75, 6], "texture": "#2"},
				"up": {"uv": [0, 0, 12, 0.75], "texture": "#2"},
				"down": {"uv": [0, 0, 2, 1], "texture": "#2"}
			}
		},
		{
			"from": [-2.5, 11, 6.5],
			"to": [5.5, 25, 7.5],
			"faces": {
				"north": {"uv": [8, 0, 16, 14], "texture": "#1"},
				"east": {"uv": [0, 0, 1, 14], "texture": "#1"},
				"south": {"uv": [0, 0, 16, 16], "texture": "#1"},
				"west": {"uv": [0, 0, 1, 14], "texture": "#1"},
				"up": {"uv": [0, 0, 8, 1], "texture": "#1"},
				"down": {"uv": [0, 0, 8, 1], "texture": "#1"}
			}
		}
	],
	"display": {
		"thirdperson_righthand": {
			"rotation": [0, 95, -7],
			"translation": [2.25, -6.5, 1.25],
			"scale": [0.8, 0.84, 0.9]
		},
		"thirdperson_lefthand": {
			"rotation": [0, 95, -7],
			"translation": [2.25, -6.5, 1.25],
			"scale": [0.8, 0.84, 0.9]
		},
		"firstperson_righthand": {
			"rotation": [0, 94, -44],
			"translation": [2, 0.5, 4],
			"scale": [0.8, 0.84, 0.9]
		},
		"firstperson_lefthand": {
			"rotation": [0, 94, -44],
			"translation": [2, 0.5, 4],
			"scale": [0.8, 0.84, 0.9]
		},
		"ground": {
			"rotation": [-90, 0, 0],
			"scale": [0.8, 0.84, 0.9]
		},
		"gui": {
			"scale": [0.39, 0.34, 1]
		},
		"fixed": {
			"translation": [0, 0, -1],
			"scale": [0.8, 0.84, 1]
		}
	}
}