{
	"credit": "Made with Blockbench",
	"texture_size": [32, 32],
	"textures": {
		"0": "items/builder_hat",
		"particle": "items/builder_hat"
	},
	"elements": [
		{
			"from": [3, 0, 5],
			"to": [12, 1, 11],
			"faces": {
				"north": {"uv": [7.5, 0, 12, 0.5], "texture": "#0"},
				"east": {"uv": [7.5, 5, 10.5, 5.5], "texture": "#0"},
				"south": {"uv": [7.5, 0.5, 12, 1], "texture": "#0"},
				"west": {"uv": [7.5, 5.5, 10.5, 6], "texture": "#0"},
				"up": {"uv": [4.5, 3, 0, 0], "texture": "#0"},
				"down": {"uv": [4.5, 3, 0, 6], "texture": "#0"}
			}
		},
		{
			"from": [3, 1, 7],
			"to": [5, 3, 9],
			"faces": {
				"north": {"uv": [9.5, 1.5, 10.5, 2.5], "texture": "#0"},
				"east": {"uv": [9.5, 2.5, 10.5, 3.5], "texture": "#0"},
				"south": {"uv": [3, 9.5, 4, 10.5], "texture": "#0"},
				"west": {"uv": [9.5, 3.5, 10.5, 4.5], "texture": "#0"},
				"up": {"uv": [5, 10.5, 4, 9.5], "texture": "#0"},
				"down": {"uv": [6, 9.5, 5, 10.5], "texture": "#0"}
			}
		},
		{
			"from": [4, 1, 6],
			"to": [5, 2, 7],
			"faces": {
				"north": {"uv": [11, 9.5, 11.5, 10], "texture": "#0"},
				"east": {"uv": [10, 11, 10.5, 11.5], "texture": "#0"},
				"south": {"uv": [11, 10, 11.5, 10.5], "texture": "#0"},
				"west": {"uv": [10.5, 11, 11, 11.5], "texture": "#0"},
				"up": {"uv": [11.5, 11, 11, 10.5], "texture": "#0"},
				"down": {"uv": [11.5, 11, 11, 11.5], "texture": "#0"}
			}
		},
		{
			"from": [4, 1, 9],
			"to": [5, 2, 10],
			"faces": {
				"north": {"uv": [0, 11.5, 0.5, 12], "texture": "#0"},
				"east": {"uv": [0.5, 11.5, 1, 12], "texture": "#0"},
				"south": {"uv": [1, 11.5, 1.5, 12], "texture": "#0"},
				"west": {"uv": [1.5, 11.5, 2, 12], "texture": "#0"},
				"up": {"uv": [2.5, 12, 2, 11.5], "texture": "#0"},
				"down": {"uv": [3, 11.5, 2.5, 12], "texture": "#0"}
			}
		},
		{
			"from": [2, 0, 6],
			"to": [3, 1, 10],
			"faces": {
				"north": {"uv": [11.5, 4.5, 12, 5], "texture": "#0"},
				"east": {"uv": [9.5, 4.5, 11.5, 5], "texture": "#0"},
				"south": {"uv": [5, 11.5, 5.5, 12], "texture": "#0"},
				"west": {"uv": [6, 9.5, 8, 10], "texture": "#0"},
				"up": {"uv": [8.5, 11.5, 8, 9.5], "texture": "#0"},
				"down": {"uv": [9, 9.5, 8.5, 11.5], "texture": "#0"}
			}
		},
		{
			"from": [5, 0, 11],
			"to": [11, 1, 12],
			"faces": {
				"north": {"uv": [7.5, 6, 10.5, 6.5], "texture": "#0"},
				"east": {"uv": [5.5, 11.5, 6, 12], "texture": "#0"},
				"south": {"uv": [7.5, 6.5, 10.5, 7], "texture": "#0"},
				"west": {"uv": [6, 11.5, 6.5, 12], "texture": "#0"},
				"up": {"uv": [3, 8.5, 0, 8], "texture": "#0"},
				"down": {"uv": [11, 7, 8, 7.5], "texture": "#0"}
			}
		},
		{
			"from": [5, 0, 4],
			"to": [11, 1, 5],
			"faces": {
				"north": {"uv": [8, 7.5, 11, 8], "texture": "#0"},
				"east": {"uv": [6.5, 11.5, 7, 12], "texture": "#0"},
				"south": {"uv": [8, 8, 11, 8.5], "texture": "#0"},
				"west": {"uv": [7, 11.5, 7.5, 12], "texture": "#0"},
				"up": {"uv": [3, 9, 0, 8.5], "texture": "#0"},
				"down": {"uv": [6, 8.5, 3, 9], "texture": "#0"}
			}
		},
		{
			"from": [6, 1, 4],
			"to": [10, 2, 5],
			"faces": {
				"north": {"uv": [9, 9.5, 11, 10], "texture": "#0"},
				"east": {"uv": [7.5, 11.5, 8, 12], "texture": "#0"},
				"south": {"uv": [0, 10, 2, 10.5], "texture": "#0"},
				"west": {"uv": [11.5, 7.5, 12, 8], "texture": "#0"},
				"up": {"uv": [8, 10.5, 6, 10], "texture": "#0"},
				"down": {"uv": [11, 10, 9, 10.5], "texture": "#0"}
			}
		},
		{
			"from": [7, 2, 4],
			"to": [9, 3, 5],
			"faces": {
				"north": {"uv": [3, 8, 4, 8.5], "texture": "#0"},
				"east": {"uv": [8, 11.5, 8.5, 12], "texture": "#0"},
				"south": {"uv": [2, 10, 3, 10.5], "texture": "#0"},
				"west": {"uv": [11.5, 8, 12, 8.5], "texture": "#0"},
				"up": {"uv": [8, 11, 7, 10.5], "texture": "#0"},
				"down": {"uv": [1, 11, 0, 11.5], "texture": "#0"}
			}
		},
		{
			"from": [11, 2, 7],
			"to": [12, 3, 9],
			"faces": {
				"north": {"uv": [8.5, 11.5, 9, 12], "texture": "#0"},
				"east": {"uv": [1, 11, 2, 11.5], "texture": "#0"},
				"south": {"uv": [11.5, 9.5, 12, 10], "texture": "#0"},
				"west": {"uv": [2, 11, 3, 11.5], "texture": "#0"},
				"up": {"uv": [4.5, 7, 4, 6], "texture": "#0"},
				"down": {"uv": [3.5, 11, 3, 12], "texture": "#0"}
			}
		},
		{
			"from": [7, 2, 11],
			"to": [9, 3, 12],
			"faces": {
				"north": {"uv": [5, 11, 6, 11.5], "texture": "#0"},
				"east": {"uv": [10, 11.5, 10.5, 12], "texture": "#0"},
				"south": {"uv": [6, 11, 7, 11.5], "texture": "#0"},
				"west": {"uv": [11.5, 10, 12, 10.5], "texture": "#0"},
				"up": {"uv": [8, 11.5, 7, 11], "texture": "#0"},
				"down": {"uv": [12, 7, 11, 7.5], "texture": "#0"}
			}
		},
		{
			"from": [6, 1, 11],
			"to": [10, 2, 12],
			"faces": {
				"north": {"uv": [0, 10.5, 2, 11], "texture": "#0"},
				"east": {"uv": [10.5, 11.5, 11, 12], "texture": "#0"},
				"south": {"uv": [10.5, 1.5, 12.5, 2], "texture": "#0"},
				"west": {"uv": [11.5, 10.5, 12, 11], "texture": "#0"},
				"up": {"uv": [4, 11, 2, 10.5], "texture": "#0"},
				"down": {"uv": [12.5, 2, 10.5, 2.5], "texture": "#0"}
			}
		},
		{
			"from": [11, 1, 6],
			"to": [12, 2, 10],
			"faces": {
				"north": {"uv": [11, 11.5, 11.5, 12], "texture": "#0"},
				"east": {"uv": [10.5, 2.5, 12.5, 3], "texture": "#0"},
				"south": {"uv": [11.5, 11, 12, 11.5], "texture": "#0"},
				"west": {"uv": [10.5, 3, 12.5, 3.5], "texture": "#0"},
				"up": {"uv": [4.5, 12.5, 4, 10.5], "texture": "#0"},
				"down": {"uv": [5, 10.5, 4.5, 12.5], "texture": "#0"}
			}
		},
		{
			"from": [5, 1, 6],
			"to": [11, 4, 10],
			"faces": {
				"north": {"uv": [4.5, 4, 7.5, 5.5], "texture": "#0"},
				"east": {"uv": [4, 7, 6, 8.5], "texture": "#0"},
				"south": {"uv": [4.5, 5.5, 7.5, 7], "texture": "#0"},
				"west": {"uv": [6, 7, 8, 8.5], "texture": "#0"},
				"up": {"uv": [7.5, 2, 4.5, 0], "texture": "#0"},
				"down": {"uv": [7.5, 2, 4.5, 4], "texture": "#0"}
			}
		},
		{
			"from": [6, 4, 6],
			"to": [10, 5, 10],
			"faces": {
				"north": {"uv": [10.5, 3.5, 12.5, 4], "texture": "#0"},
				"east": {"uv": [10.5, 4, 12.5, 4.5], "texture": "#0"},
				"south": {"uv": [5, 10.5, 7, 11], "texture": "#0"},
				"west": {"uv": [10.5, 5, 12.5, 5.5], "texture": "#0"},
				"up": {"uv": [2, 8, 0, 6], "texture": "#0"},
				"down": {"uv": [4, 6, 2, 8], "texture": "#0"}
			}
		},
		{
			"from": [5, 1, 10],
			"to": [11, 2, 11],
			"faces": {
				"north": {"uv": [6, 8.5, 9, 9], "texture": "#0"},
				"east": {"uv": [11.5, 11.5, 12, 12], "texture": "#0"},
				"south": {"uv": [0, 9, 3, 9.5], "texture": "#0"},
				"west": {"uv": [0, 12, 0.5, 12.5], "texture": "#0"},
				"up": {"uv": [6, 9.5, 3, 9], "texture": "#0"},
				"down": {"uv": [9, 9, 6, 9.5], "texture": "#0"}
			}
		},
		{
			"from": [6, 2, 10],
			"to": [10, 4, 11],
			"faces": {
				"north": {"uv": [7.5, 1, 9.5, 2], "texture": "#0"},
				"east": {"uv": [3.5, 11, 4, 12], "texture": "#0"},
				"south": {"uv": [7.5, 2, 9.5, 3], "texture": "#0"},
				"west": {"uv": [11, 7.5, 11.5, 8.5], "texture": "#0"},
				"up": {"uv": [12.5, 6, 10.5, 5.5], "texture": "#0"},
				"down": {"uv": [12.5, 6, 10.5, 6.5], "texture": "#0"}
			}
		},
		{
			"from": [5, 1, 5],
			"to": [11, 2, 6],
			"faces": {
				"north": {"uv": [9, 8.5, 12, 9], "texture": "#0"},
				"east": {"uv": [12, 0, 12.5, 0.5], "texture": "#0"},
				"south": {"uv": [9, 9, 12, 9.5], "texture": "#0"},
				"west": {"uv": [0.5, 12, 1, 12.5], "texture": "#0"},
				"up": {"uv": [3, 10, 0, 9.5], "texture": "#0"},
				"down": {"uv": [12.5, 1, 9.5, 1.5], "texture": "#0"}
			}
		},
		{
			"from": [6, 2, 5],
			"to": [10, 4, 6],
			"faces": {
				"north": {"uv": [7.5, 3, 9.5, 4], "texture": "#0"},
				"east": {"uv": [9, 11, 9.5, 12], "texture": "#0"},
				"south": {"uv": [7.5, 4, 9.5, 5], "texture": "#0"},
				"west": {"uv": [9.5, 11, 10, 12], "texture": "#0"},
				"up": {"uv": [12.5, 7, 10.5, 6.5], "texture": "#0"},
				"down": {"uv": [11, 10.5, 9, 11], "texture": "#0"}
			}
		}
	],
	"display": {
		"thirdperson_righthand": {
			"rotation": [0, -90, 0],
			"translation": [0, 3, -2.8],
			"scale": [0.7, 0.7, 0.7]
		},
		"thirdperson_lefthand": {
			"rotation": [0, 90, 0],
			"translation": [0, 3, -2.8],
			"scale": [0.7, 0.7, 0.7]
		},
		"firstperson_righthand": {
			"rotation": [0, -73, 0],
			"translation": [0, 8, 0]
		},
		"firstperson_lefthand": {
			"rotation": [0, 107, 0],
			"translation": [0, 8, 0]
		},
		"ground": {
			"translation": [0, 4.75, 0]
		},
		"gui": {
			"rotation": [5, 60, 0],
			"translation": [0, 8.25, 0],
			"scale": [1.5, 1.5, 1.5]
		},
		"head": {
			"rotation": [0, -90, 0],
			"translation": [0, 21, 0],
			"scale": [2.2, 2.2, 2.2]
		},
		"fixed": {
			"rotation": [0, -90, 0],
			"translation": [0, 12, -15],
			"scale": [3.47, 3.47, 3.47]
		}
	}
}