{
	"credit": "Made with Blockbench",
	"texture_size": [32, 32],
	"textures": {
		"0": "items/hay_hat",
		"particle": "items/hay_hat"
	},
	"elements": [
		{
			"name": "chapeau",
			"from": [4, 0, 4],
			"to": [12, 4, 12],
			"faces": {
				"north": {"uv": [4.5, 8, 8.5, 10.5], "texture": "#0"},
				"east": {"uv": [8.5, 0, 12.5, 2.5], "texture": "#0"},
				"south": {"uv": [8.5, 2.5, 12.5, 5], "texture": "#0"},
				"west": {"uv": [8.5, 5, 12.5, 7.5], "texture": "#0"},
				"up": {"uv": [8.5, 4, 4.5, 0], "texture": "#0"},
				"down": {"uv": [8.5, 4, 4.5, 8], "texture": "#0"}
			}
		},
		{
			"name": "chapeau",
			"from": [4.5, 4, 4.5],
			"to": [11.5, 4.5, 11.5],
			"faces": {
				"north": {"uv": [8.5, 2, 13, 2.5], "texture": "#0"},
				"east": {"uv": [8.5, 1.5, 13, 2], "texture": "#0"},
				"south": {"uv": [8.5, 2.5, 13, 3], "texture": "#0"},
				"west": {"uv": [8.5, 1, 13, 1.5], "texture": "#0"},
				"up": {"uv": [8.25, 3.625, 4.75, 0.25], "texture": "#0"},
				"down": {"uv": [8.25, 4.25, 4.75, 7.75], "texture": "#0"}
			}
		},
		{
			"name": "bandeau",
			"from": [3.75, 1.75, 3.75],
			"to": [12.25, 2.75, 12.25],
			"faces": {
				"north": {"uv": [9, 9.5, 13.5, 10], "texture": "#0"},
				"east": {"uv": [9, 10, 13.5, 10.5], "texture": "#0"},
				"south": {"uv": [1.5, 10.5, 6, 11], "texture": "#0"},
				"west": {"uv": [9, 10.5, 13.5, 11], "texture": "#0"},
				"up": {"uv": [4.5, 4.5, 0, 0], "texture": "#0"},
				"down": {"uv": [4.5, 4.5, 0, 9], "texture": "#0"}
			}
		},
		{
			"from": [5, 0, 1],
			"to": [6, 1, 2],
			"faces": {
				"north": {"uv": [14.5, 0, 15, 0.5], "texture": "#0"},
				"east": {"uv": [14.5, 0.5, 15, 1], "texture": "#0"},
				"west": {"uv": [14.5, 1, 15, 1.5], "texture": "#0"},
				"up": {"uv": [2, 15, 1.5, 14.5], "texture": "#0"},
				"down": {"uv": [15, 1.5, 14.5, 2], "texture": "#0"}
			}
		},
		{
			"from": [3, 0, 3],
			"to": [4, 1, 13],
			"faces": {
				"north": {"uv": [4, 10, 4.5, 10.5], "texture": "#0"},
				"south": {"uv": [3, 13, 3.5, 13.5], "texture": "#0"},
				"west": {"uv": [8.5, 8, 13.5, 8.5], "texture": "#0"},
				"up": {"uv": [9, 13.5, 8.5, 8.5], "texture": "#0"},
				"down": {"uv": [0.5, 9, 0, 14], "texture": "#0"}
			}
		},
		{
			"from": [2, 0, 6],
			"to": [3, 1, 11],
			"faces": {
				"north": {"uv": [11, 14.5, 11.5, 15], "texture": "#0"},
				"south": {"uv": [14.5, 11, 15, 11.5], "texture": "#0"},
				"west": {"uv": [1.5, 12, 4, 12.5], "texture": "#0"},
				"up": {"uv": [4.5, 14.5, 4, 12], "texture": "#0"},
				"down": {"uv": [5, 12, 4.5, 14.5], "texture": "#0"}
			}
		},
		{
			"from": [1, 0, 8],
			"to": [2, 1, 11],
			"faces": {
				"north": {"uv": [12.5, 14.5, 13, 15], "texture": "#0"},
				"south": {"uv": [13, 14.5, 13.5, 15], "texture": "#0"},
				"west": {"uv": [13.5, 8.5, 15, 9], "texture": "#0"},
				"up": {"uv": [14, 10.5, 13.5, 9], "texture": "#0"},
				"down": {"uv": [10, 13.5, 9.5, 15], "texture": "#0"}
			}
		},
		{
			"from": [2, 0, 2],
			"to": [3, 1, 5],
			"faces": {
				"north": {"uv": [11.5, 14.5, 12, 15], "texture": "#0"},
				"east": {"uv": [0.5, 13.5, 2, 14], "texture": "#0"},
				"south": {"uv": [14.5, 11.5, 15, 12], "texture": "#0"},
				"west": {"uv": [2, 13.5, 3.5, 14], "texture": "#0"},
				"up": {"uv": [8, 14, 7.5, 12.5], "texture": "#0"},
				"down": {"uv": [6.5, 13.5, 6, 15], "texture": "#0"}
			}
		},
		{
			"from": [1, 0, 3],
			"to": [2, 1, 6],
			"faces": {
				"north": {"uv": [12, 14.5, 12.5, 15], "texture": "#0"},
				"east": {"uv": [13.5, 7.5, 15, 8], "texture": "#0"},
				"south": {"uv": [14.5, 12, 15, 12.5], "texture": "#0"},
				"west": {"uv": [8, 13.5, 9.5, 14], "texture": "#0"},
				"up": {"uv": [7, 15, 6.5, 13.5], "texture": "#0"},
				"down": {"uv": [7.5, 13.5, 7, 15], "texture": "#0"}
			}
		},
		{
			"from": [1, 0, 12],
			"to": [2, 1, 14],
			"faces": {
				"north": {"uv": [14.5, 13, 15, 13.5], "texture": "#0"},
				"east": {"uv": [14, 6, 15, 6.5], "texture": "#0"},
				"south": {"uv": [13.5, 14.5, 14, 15], "texture": "#0"},
				"west": {"uv": [14, 6.5, 15, 7], "texture": "#0"},
				"up": {"uv": [8, 15, 7.5, 14], "texture": "#0"},
				"down": {"uv": [8.5, 14, 8, 15], "texture": "#0"}
			}
		},
		{
			"from": [2, 0, 12],
			"to": [3, 1, 13],
			"faces": {
				"north": {"uv": [14.5, 13.5, 15, 14], "texture": "#0"},
				"south": {"uv": [14.5, 14, 15, 14.5], "texture": "#0"},
				"up": {"uv": [0.5, 15.5, 0, 15], "texture": "#0"},
				"down": {"uv": [15.5, 0, 15, 0.5], "texture": "#0"}
			}
		},
		{
			"from": [4, 0, 12],
			"to": [11, 1, 13],
			"faces": {
				"east": {"uv": [4.5, 14.5, 5, 15], "texture": "#0"},
				"south": {"uv": [5, 11, 8.5, 11.5], "texture": "#0"},
				"up": {"uv": [12.5, 11.5, 9, 11], "texture": "#0"},
				"down": {"uv": [5, 11.5, 1.5, 12], "texture": "#0"}
			}
		},
		{
			"from": [12, 0, 4],
			"to": [13, 1, 13],
			"faces": {
				"north": {"uv": [14, 7, 14.5, 7.5], "texture": "#0"},
				"west": {"uv": [9, 9, 13.5, 9.5], "texture": "#0"},
				"up": {"uv": [1, 13.5, 0.5, 9], "texture": "#0"},
				"down": {"uv": [1.5, 9, 1, 13.5], "texture": "#0"}
			}
		},
		{
			"from": [13, 0, 3],
			"to": [14, 1, 5],
			"faces": {
				"north": {"uv": [11, 14, 11.5, 14.5], "texture": "#0"},
				"east": {"uv": [13, 13.5, 14, 14], "texture": "#0"},
				"west": {"uv": [13.5, 13, 14.5, 13.5], "texture": "#0"},
				"up": {"uv": [0.5, 15, 0, 14], "texture": "#0"},
				"down": {"uv": [1, 14, 0.5, 15], "texture": "#0"}
			}
		},
		{
			"from": [14, 0, 4],
			"to": [15, 1, 5],
			"faces": {
				"north": {"uv": [9, 14.5, 9.5, 15], "texture": "#0"},
				"east": {"uv": [14.5, 9, 15, 9.5], "texture": "#0"},
				"south": {"uv": [14.5, 9.5, 15, 10], "texture": "#0"},
				"up": {"uv": [15, 10.5, 14.5, 10], "texture": "#0"},
				"down": {"uv": [11, 14.5, 10.5, 15], "texture": "#0"}
			}
		},
		{
			"from": [13, 0, 5],
			"to": [14, 1, 11],
			"faces": {
				"east": {"uv": [1.5, 9, 4.5, 9.5], "texture": "#0"},
				"up": {"uv": [5.5, 14.5, 5, 11.5], "texture": "#0"},
				"down": {"uv": [6, 11.5, 5.5, 14.5], "texture": "#0"}
			}
		},
		{
			"from": [13, 0, 11],
			"to": [14, 1, 14],
			"faces": {
				"east": {"uv": [9, 12.5, 10.5, 13], "texture": "#0"},
				"south": {"uv": [14.5, 2, 15, 2.5], "texture": "#0"},
				"up": {"uv": [8.5, 13.5, 8, 12], "texture": "#0"},
				"down": {"uv": [4, 12.5, 3.5, 14], "texture": "#0"}
			}
		},
		{
			"from": [14, 0, 11],
			"to": [15, 1, 12],
			"faces": {
				"north": {"uv": [5, 14.5, 5.5, 15], "texture": "#0"},
				"east": {"uv": [14.5, 5, 15, 5.5], "texture": "#0"},
				"south": {"uv": [5.5, 14.5, 6, 15], "texture": "#0"},
				"up": {"uv": [15, 7.5, 14.5, 7], "texture": "#0"},
				"down": {"uv": [9, 14.5, 8.5, 15], "texture": "#0"}
			}
		},
		{
			"from": [8, 0, 13],
			"to": [13, 1, 14],
			"faces": {
				"north": {"uv": [1.5, 10, 4, 10.5], "texture": "#0"},
				"south": {"uv": [6, 10.5, 8.5, 11], "texture": "#0"},
				"west": {"uv": [14.5, 2.5, 15, 3], "texture": "#0"},
				"up": {"uv": [8.5, 12, 6, 11.5], "texture": "#0"},
				"down": {"uv": [11.5, 11.5, 9, 12], "texture": "#0"}
			}
		},
		{
			"from": [10, 0, 14],
			"to": [13, 1, 15],
			"faces": {
				"east": {"uv": [14.5, 3, 15, 3.5], "texture": "#0"},
				"south": {"uv": [12, 12.5, 13.5, 13], "texture": "#0"},
				"west": {"uv": [14.5, 3.5, 15, 4], "texture": "#0"},
				"up": {"uv": [3, 13.5, 1.5, 13], "texture": "#0"},
				"down": {"uv": [7.5, 13, 6, 13.5], "texture": "#0"}
			}
		},
		{
			"from": [4, 0, 13],
			"to": [7, 1, 14],
			"faces": {
				"east": {"uv": [4, 14.5, 4.5, 15], "texture": "#0"},
				"south": {"uv": [10.5, 13, 12, 13.5], "texture": "#0"},
				"west": {"uv": [14.5, 4, 15, 4.5], "texture": "#0"},
				"up": {"uv": [13.5, 13.5, 12, 13], "texture": "#0"},
				"down": {"uv": [14.5, 12, 13, 12.5], "texture": "#0"}
			}
		},
		{
			"from": [3, 0, 14],
			"to": [6, 1, 15],
			"faces": {
				"north": {"uv": [10, 13.5, 11.5, 14], "texture": "#0"},
				"east": {"uv": [0.5, 15, 1, 15.5], "texture": "#0"},
				"south": {"uv": [13.5, 10.5, 15, 11], "texture": "#0"},
				"west": {"uv": [15, 0.5, 15.5, 1], "texture": "#0"},
				"up": {"uv": [13, 14, 11.5, 13.5], "texture": "#0"},
				"down": {"uv": [15, 12.5, 13.5, 13], "texture": "#0"}
			}
		},
		{
			"from": [8, 0, 14],
			"to": [9, 1, 15],
			"faces": {
				"east": {"uv": [15, 1, 15.5, 1.5], "texture": "#0"},
				"south": {"uv": [1.5, 15, 2, 15.5], "texture": "#0"},
				"west": {"uv": [15, 1.5, 15.5, 2], "texture": "#0"},
				"up": {"uv": [2.5, 15.5, 2, 15], "texture": "#0"},
				"down": {"uv": [15.5, 2, 15, 2.5], "texture": "#0"}
			}
		},
		{
			"from": [14, 0, 7],
			"to": [15, 1, 9],
			"faces": {
				"north": {"uv": [12, 14, 12.5, 14.5], "texture": "#0"},
				"east": {"uv": [1, 14, 2, 14.5], "texture": "#0"},
				"south": {"uv": [12.5, 14, 13, 14.5], "texture": "#0"},
				"up": {"uv": [3.5, 15, 3, 14], "texture": "#0"},
				"down": {"uv": [4, 14, 3.5, 15], "texture": "#0"}
			}
		},
		{
			"from": [8, 0, 3],
			"to": [12, 1, 4],
			"faces": {
				"north": {"uv": [6, 12, 8, 12.5], "texture": "#0"},
				"east": {"uv": [9, 14, 9.5, 14.5], "texture": "#0"},
				"up": {"uv": [13, 12.5, 11, 12], "texture": "#0"},
				"down": {"uv": [14.5, 0, 12.5, 0.5], "texture": "#0"}
			}
		},
		{
			"from": [9, 0, 2],
			"to": [13, 1, 3],
			"faces": {
				"north": {"uv": [12.5, 4, 14.5, 4.5], "texture": "#0"},
				"east": {"uv": [13, 14, 13.5, 14.5], "texture": "#0"},
				"south": {"uv": [12.5, 4.5, 14.5, 5], "texture": "#0"},
				"west": {"uv": [13.5, 14, 14, 14.5], "texture": "#0"},
				"up": {"uv": [14.5, 5.5, 12.5, 5], "texture": "#0"},
				"down": {"uv": [14.5, 5.5, 12.5, 6], "texture": "#0"}
			}
		},
		{
			"from": [8, 0, 1],
			"to": [11, 1, 2],
			"faces": {
				"north": {"uv": [6, 12.5, 7.5, 13], "texture": "#0"},
				"east": {"uv": [14, 13.5, 14.5, 14], "texture": "#0"},
				"south": {"uv": [12.5, 6, 14, 6.5], "texture": "#0"},
				"west": {"uv": [14, 14, 14.5, 14.5], "texture": "#0"},
				"up": {"uv": [14, 7, 12.5, 6.5], "texture": "#0"},
				"down": {"uv": [14, 7, 12.5, 7.5], "texture": "#0"}
			}
		},
		{
			"from": [4, 0, 3],
			"to": [8, 1, 4],
			"faces": {
				"up": {"uv": [3.5, 13, 1.5, 12.5], "texture": "#0"},
				"down": {"uv": [14.5, 1.5, 12.5, 2], "texture": "#0"}
			}
		},
		{
			"from": [4, 0, 2],
			"to": [8, 1, 3],
			"faces": {
				"north": {"uv": [12.5, 2, 14.5, 2.5], "texture": "#0"},
				"east": {"uv": [14, 10, 14.5, 10.5], "texture": "#0"},
				"west": {"uv": [10.5, 14, 11, 14.5], "texture": "#0"},
				"up": {"uv": [14.5, 3.5, 12.5, 3], "texture": "#0"},
				"down": {"uv": [14.5, 3.5, 12.5, 4], "texture": "#0"}
			}
		}
	],
	"display": {
		"thirdperson_righthand": {
			"rotation": [90, 0, -180],
			"translation": [0, -2, -3],
			"scale": [0.54, 0.54, 0.54]
		},
		"thirdperson_lefthand": {
			"rotation": [90, 0, -180],
			"translation": [0, -2, -3],
			"scale": [0.54, 0.54, 0.54]
		},
		"firstperson_righthand": {
			"translation": [1, 7, -0.25]
		},
		"firstperson_lefthand": {
			"translation": [1, 7, -0.25]
		},
		"ground": {
			"translation": [0, 4.5, 0]
		},
		"gui": {
			"rotation": [15, 46, 0],
			"translation": [0, 4.5, 0]
		},
		"head": {
			"translation": [0, 16.5, 0],
			"scale": [1.62, 1.62, 1.62]
		},
		"fixed": {
			"rotation": [-90, 0, 0],
			"translation": [0, 0, -17],
			"scale": [2, 2, 2]
		}
	},
	"groups": [
		0,
		1,
		2,
		{
			"name": "paille",
			"origin": [8, 8, 8],
			"color": 0,
			"children": [3, 4, 5, 6, 7, 8, 9, 10, 11, 12, 13, 14, 15, 16, 17, 18, 19, 20, 21, 22, 23, 24, 25, 26, 27, 28]
		}
	]
}