{
	"credit": "Made with Blockbench",
	"texture_size": [64, 64],
	"textures": {
		"0": "items/pioche/manche",
		"1": "items/pioche/pioche",
		"particle": "items/pioche/manche"
	},
	"elements": [
		{
			"name": "Manche principal",
			"from": [7, 1, 7],
			"to": [9, 23, 9],
			"faces": {
				"north": {"uv": [0, 0, 0.5, 5.5], "texture": "#0"},
				"east": {"uv": [0.75, 0, 1.25, 5.5], "texture": "#0"},
				"south": {"uv": [1.5, 0, 2, 5.5], "texture": "#0"},
				"west": {"uv": [2.25, 0, 2.75, 5.5], "texture": "#0"},
				"up": {"uv": [7, 0.5, 6.5, 0], "texture": "#0"},
				"down": {"uv": [7, 0.75, 6.5, 1.25], "texture": "#0"}
			}
		},
		{
			"from": [7, 1, 9],
			"to": [9, 23, 10],
			"faces": {
				"north": {"uv": [3, 0, 3.5, 5.5], "texture": "#0"},
				"east": {"uv": [3, 5.75, 3.25, 11.25], "texture": "#0"},
				"south": {"uv": [3.75, 0, 4.25, 5.5], "texture": "#0"},
				"west": {"uv": [3.5, 5.75, 3.75, 11.25], "texture": "#0"},
				"up": {"uv": [7, 1.75, 6.5, 1.5], "texture": "#0"},
				"down": {"uv": [7, 2, 6.5, 2.25], "texture": "#0"}
			}
		},
		{
			"from": [7, 1, 6],
			"to": [9, 23, 7],
			"faces": {
				"north": {"uv": [4.5, 0, 5, 5.5], "texture": "#0"},
				"east": {"uv": [4, 5.75, 4.25, 11.25], "texture": "#0"},
				"south": {"uv": [5.25, 0, 5.75, 5.5], "texture": "#0"},
				"west": {"uv": [4.5, 5.75, 4.75, 11.25], "texture": "#0"},
				"up": {"uv": [7, 2.75, 6.5, 2.5], "texture": "#0"},
				"down": {"uv": [7, 3, 6.5, 3.25], "texture": "#0"}
			}
		},
		{
			"from": [6, 1, 7],
			"to": [7, 23, 9],
			"faces": {
				"north": {"uv": [5, 5.75, 5.25, 11.25], "texture": "#0"},
				"east": {"uv": [0, 5.75, 0.5, 11.25], "texture": "#0"},
				"south": {"uv": [5.5, 5.75, 5.75, 11.25], "texture": "#0"},
				"west": {"uv": [0.75, 5.75, 1.25, 11.25], "texture": "#0"},
				"up": {"uv": [6.75, 4, 6.5, 3.5], "texture": "#0"},
				"down": {"uv": [6.75, 4.25, 6.5, 4.75], "texture": "#0"}
			}
		},
		{
			"from": [9, 1, 7],
			"to": [10, 23, 9],
			"faces": {
				"north": {"uv": [6, 0, 6.25, 5.5], "texture": "#0"},
				"east": {"uv": [1.5, 5.75, 2, 11.25], "texture": "#0"},
				"south": {"uv": [6, 5.75, 6.25, 11.25], "texture": "#0"},
				"west": {"uv": [2.25, 5.75, 2.75, 11.25], "texture": "#0"},
				"up": {"uv": [6.75, 5.5, 6.5, 5], "texture": "#0"},
				"down": {"uv": [6.75, 5.75, 6.5, 6.25], "texture": "#0"}
			}
		},
		{
			"name": "Truc principal",
			"from": [-2, 23, 6],
			"to": [18, 28, 10],
			"rotation": {"angle": 0, "axis": "y", "origin": [8, 25.5, 8]},
			"faces": {
				"north": {"uv": [0, 0, 5, 1.25], "texture": "#1"},
				"east": {"uv": [5.25, 0, 6.25, 1.25], "texture": "#1"},
				"south": {"uv": [0, 1.5, 5, 2.75], "texture": "#1"},
				"west": {"uv": [5.25, 1.5, 6.25, 2.75], "texture": "#1"},
				"up": {"uv": [5, 4, 0, 3], "texture": "#1"},
				"down": {"uv": [5, 4.25, 0, 5.25], "texture": "#1"}
			}
		},
		{
			"from": [-4, 23, 6],
			"to": [-2, 27, 10],
			"faces": {
				"north": {"uv": [6.5, 0, 7, 1], "texture": "#1"},
				"east": {"uv": [5.25, 3, 6.25, 4], "texture": "#1"},
				"south": {"uv": [6.5, 1.25, 7, 2.25], "texture": "#1"},
				"west": {"uv": [5.25, 4.25, 6.25, 5.25], "texture": "#1"},
				"up": {"uv": [3, 7.5, 2.5, 6.5], "texture": "#1"},
				"down": {"uv": [7, 2.5, 6.5, 3.5], "texture": "#1"}
			}
		},
		{
			"from": [18, 23, 6],
			"to": [20, 27, 10],
			"faces": {
				"north": {"uv": [3.25, 6.5, 3.75, 7.5], "texture": "#1"},
				"east": {"uv": [0, 5.5, 1, 6.5], "texture": "#1"},
				"south": {"uv": [6.5, 3.75, 7, 4.75], "texture": "#1"},
				"west": {"uv": [1.25, 5.5, 2.25, 6.5], "texture": "#1"},
				"up": {"uv": [4.5, 7.5, 4, 6.5], "texture": "#1"},
				"down": {"uv": [5.25, 6.5, 4.75, 7.5], "texture": "#1"}
			}
		},
		{
			"from": [20, 23, 6],
			"to": [22, 26, 10],
			"faces": {
				"north": {"uv": [1.5, 7.5, 2, 8.25], "texture": "#1"},
				"east": {"uv": [2.5, 5.5, 3.5, 6.25], "texture": "#1"},
				"south": {"uv": [7.5, 5.25, 8, 6], "texture": "#1"},
				"west": {"uv": [3.75, 5.5, 4.75, 6.25], "texture": "#1"},
				"up": {"uv": [6, 7.5, 5.5, 6.5], "texture": "#1"},
				"down": {"uv": [6.75, 6.5, 6.25, 7.5], "texture": "#1"}
			}
		},
		{
			"from": [22, 23, 6],
			"to": [24, 25, 10],
			"faces": {
				"north": {"uv": [3.75, 7.75, 4.25, 8.25], "texture": "#1"},
				"east": {"uv": [0, 6.75, 1, 7.25], "texture": "#1"},
				"south": {"uv": [4.5, 7.75, 5, 8.25], "texture": "#1"},
				"west": {"uv": [1.25, 6.75, 2.25, 7.25], "texture": "#1"},
				"up": {"uv": [7.5, 7.5, 7, 6.5], "texture": "#1"},
				"down": {"uv": [7.75, 0, 7.25, 1], "texture": "#1"}
			}
		},
		{
			"from": [-8, 23, 6],
			"to": [-6, 25, 10],
			"faces": {
				"north": {"uv": [5.25, 7.75, 5.75, 8.25], "texture": "#1"},
				"east": {"uv": [7.25, 1.25, 8.25, 1.75], "texture": "#1"},
				"south": {"uv": [6, 7.75, 6.5, 8.25], "texture": "#1"},
				"west": {"uv": [7.25, 2, 8.25, 2.5], "texture": "#1"},
				"up": {"uv": [7.75, 3.75, 7.25, 2.75], "texture": "#1"},
				"down": {"uv": [7.75, 4, 7.25, 5], "texture": "#1"}
			}
		},
		{
			"from": [-6, 23, 6],
			"to": [-4, 26, 10],
			"faces": {
				"north": {"uv": [2.25, 7.75, 2.75, 8.5], "texture": "#1"},
				"east": {"uv": [5, 5.5, 6, 6.25], "texture": "#1"},
				"south": {"uv": [3, 7.75, 3.5, 8.5], "texture": "#1"},
				"west": {"uv": [6.25, 5.5, 7.25, 6.25], "texture": "#1"},
				"up": {"uv": [0.5, 8.5, 0, 7.5], "texture": "#1"},
				"down": {"uv": [1.25, 7.5, 0.75, 8.5], "texture": "#1"}
			}
		}
	],
	"display": {
		"thirdperson_righthand": {
			"scale": [0.5, 0.5, 0.5]
		},
		"thirdperson_lefthand": {
			"scale": [0.5, 0.5, 0.5]
		},
		"firstperson_righthand": {
			"rotation": [-12, -84, 0],
			"translation": [-2.25, 0, 0],
			"scale": [0.5, 0.5, 0.5]
		},
		"firstperson_lefthand": {
			"rotation": [-12, -84, 0],
			"translation": [-2.25, 0, 0],
			"scale": [0.5, 0.5, 0.5]
		},
		"ground": {
			"scale": [0.5, 0.5, 0.5]
		},
		"gui": {
			"rotation": [0, 0, -45],
			"translation": [-3.75, -4, 0],
			"scale": [0.5, 0.5, 0.5]
		},
		"head": {
			"rotation": [-180, 90, -35],
			"translation": [0, 24, -1.75]
		},
		"fixed": {
			"rotation": [0, 0, 23],
			"translation": [2, -3, 0],
			"scale": [0.5, 0.5, 0.5]
		}
	},
	"groups": [
		{
			"name": "Manche",
			"origin": [8, 8, 8],
			"color": 0,
			"children": [
				{
					"name": "group",
					"origin": [0, 0, 0],
					"color": 0,
					"children": [0]
				},
				1,
				2,
				3,
				4
			]
		},
		{
			"name": "Pioche",
			"origin": [8, 8, 8],
			"color": 0,
			"children": [5, 6, 7, 8, 9, 10, 11]
		}
	]
}