{
	"credit": "Made with Blockbench",
	"textures": {
		"0": "item/custom/doublebarrel"
	},
	"elements": [
		{
			"name": "grip",
			"from": [7, 8, -1],
			"to": [9, 9.5, 5],
			"rotation": {"angle": 0, "axis": "x", "origin": [8, 8, 5]},
			"faces": {
				"north": {"uv": [4, 4, 6, 5], "texture": "#0"},
				"east": {"uv": [0, 4, 6, 5], "rotation": 180, "texture": "#0"},
				"south": {"uv": [4, 4, 6, 5], "texture": "#0"},
				"west": {"uv": [0, 4, 6, 5], "texture": "#0"},
				"up": {"uv": [4, 4, 6, 5], "rotation": 90, "texture": "#0"},
				"down": {"uv": [0, 5, 6, 7], "rotation": 270, "texture": "#0"}
			}
		},
		{
			"name": "latch",
			"from": [7.125, 8.5, 6],
			"to": [7.125, 10.5, 8],
			"rotation": {"angle": 45, "axis": "x", "origin": [8, 9, 7.5]},
			"faces": {
				"east": {"uv": [4, 9, 6, 7], "rotation": 270, "texture": "#0"},
				"west": {"uv": [4, 7, 6, 9], "rotation": 270, "texture": "#0"}
			}
		},
		{
			"name": "latch",
			"from": [8.875, 8.5, 6],
			"to": [8.875, 10.5, 8],
			"rotation": {"angle": 45, "axis": "x", "origin": [8, 9, 7.5]},
			"faces": {
				"east": {"uv": [4, 9, 6, 7], "rotation": 270, "texture": "#0"},
				"west": {"uv": [4, 7, 6, 9], "rotation": 270, "texture": "#0"}
			}
		},
		{
			"name": "barrel",
			"from": [7, 9, -8],
			"to": [8, 10, 7],
			"rotation": {"angle": 45, "axis": "z", "origin": [7.5, 9.5, 7]},
			"faces": {
				"north": {"uv": [0, 0, 1, 1], "texture": "#0"},
				"east": {"uv": [0, 0, 15, 1], "rotation": 180, "texture": "#0"},
				"south": {"uv": [10, 1, 11, 2], "texture": "#0"},
				"west": {"uv": [0, 2, 15, 3], "texture": "#0"},
				"up": {"uv": [0, 1, 15, 2], "rotation": 90, "texture": "#0"},
				"down": {"uv": [0, 3, 15, 4], "rotation": 270, "texture": "#0"}
			}
		},
		{
			"name": "barrel",
			"from": [8, 9, -8],
			"to": [9, 10, 7],
			"rotation": {"angle": -45, "axis": "z", "origin": [8.5, 9.5, 7]},
			"faces": {
				"north": {"uv": [1, 0, 0, 1], "texture": "#0"},
				"east": {"uv": [15, 2, 0, 3], "texture": "#0"},
				"south": {"uv": [10, 1, 11, 2], "texture": "#0"},
				"west": {"uv": [15, 0, 0, 1], "rotation": 180, "texture": "#0"},
				"up": {"uv": [0, 2, 15, 1], "rotation": 90, "texture": "#0"},
				"down": {"uv": [0, 4, 15, 3], "rotation": 270, "texture": "#0"}
			}
		},
		{
			"name": "split",
			"from": [7.5, 9, -6],
			"to": [8.5, 10, 5],
			"rotation": {"angle": 0, "axis": "x", "origin": [8, 10, 5]},
			"faces": {
				"north": {"uv": [0, 1, 1, 2], "texture": "#0"},
				"up": {"uv": [15, 0, 16, 11], "texture": "#0"},
				"down": {"uv": [0, 3, 11, 4], "rotation": 90, "texture": "#0"}
			}
		},
		{
			"name": "trigger",
			"from": [8, 6.5, 7.5],
			"to": [8, 8.5, 9.5],
			"rotation": {"angle": -22.5, "axis": "x", "origin": [8, 7.5, 8.5]},
			"faces": {
				"east": {"uv": [7, 4, 9, 6], "rotation": 90, "texture": "#0"},
				"west": {"uv": [7, 4, 9, 6], "rotation": 90, "texture": "#0"}
			}
		},
		{
			"name": "stock",
			"from": [7.5, 7.5, 9],
			"to": [8.5, 9.5, 13],
			"rotation": {"angle": 22.5, "axis": "x", "origin": [8, 9.5, 9]},
			"faces": {
				"north": {"uv": [6, 7, 7, 9], "texture": "#0"},
				"east": {"uv": [10, 7, 6, 9], "texture": "#0"},
				"south": {"uv": [6, 7, 7, 9], "texture": "#0"},
				"west": {"uv": [6, 7, 10, 9], "texture": "#0"},
				"up": {"uv": [6, 6, 10, 7], "rotation": 90, "texture": "#0"},
				"down": {"uv": [6, 9, 10, 10], "rotation": 270, "texture": "#0"}
			}
		},
		{
			"name": "stock",
			"from": [7.501, 7.001, 11.001],
			"to": [8.499, 8.999, 15.999],
			"rotation": {"angle": 0, "axis": "x", "origin": [8, 9, 11]},
			"faces": {
				"north": {"uv": [6, 7, 7, 9], "texture": "#0"},
				"east": {"uv": [15, 7, 10, 9], "texture": "#0"},
				"south": {"uv": [14, 8, 15, 10], "texture": "#0"},
				"west": {"uv": [10, 7, 15, 9], "texture": "#0"},
				"up": {"uv": [10, 6, 15, 7], "rotation": 90, "texture": "#0"},
				"down": {"uv": [10, 9, 15, 10], "rotation": 270, "texture": "#0"}
			}
		},
		{
			"name": "base",
			"from": [7.499, 7.999, 4.999],
			"to": [8.501, 10.001, 9.001],
			"rotation": {"angle": 0, "axis": "x", "origin": [8, 9, 7]},
			"faces": {
				"east": {"uv": [10, 4, 6, 6], "texture": "#0"},
				"south": {"uv": [7, 4, 8, 6], "texture": "#0"},
				"west": {"uv": [6, 4, 10, 6], "texture": "#0"},
				"up": {"uv": [10, 4, 14, 5], "rotation": 90, "texture": "#0"},
				"down": {"uv": [10, 5, 14, 6], "rotation": 270, "texture": "#0"}
			}
		},
		{
			"name": "shell",
			"from": [7.5, 9, 4],
			"to": [7.5, 10, 7],
			"rotation": {"angle": -45, "axis": "z", "origin": [7.5, 9.5, 5.5]},
			"faces": {
				"north": {"uv": [0, 0, 0, 1], "texture": "#missing"},
				"east": {"uv": [0, 7, 3, 8], "rotation": 180, "texture": "#0"},
				"south": {"uv": [0, 0, 0, 1], "texture": "#missing"},
				"west": {"uv": [0, 7, 3, 8], "texture": "#0"},
				"up": {"uv": [0, 0, 0, 3], "texture": "#missing"},
				"down": {"uv": [0, 0, 0, 3], "texture": "#missing"}
			}
		},
		{
			"name": "shell",
			"from": [7.5, 9, 4],
			"to": [7.5, 10, 7],
			"rotation": {"angle": 45, "axis": "z", "origin": [7.5, 9.5, 5.5]},
			"faces": {
				"north": {"uv": [0, 0, 0, 1], "texture": "#missing"},
				"east": {"uv": [0, 7, 3, 8], "rotation": 180, "texture": "#0"},
				"south": {"uv": [0, 0, 0, 1], "texture": "#missing"},
				"west": {"uv": [0, 7, 3, 8], "texture": "#0"},
				"up": {"uv": [0, 0, 0, 3], "texture": "#missing"},
				"down": {"uv": [0, 0, 0, 3], "texture": "#missing"}
			}
		},
		{
			"name": "shell",
			"from": [8.5, 9, 4],
			"to": [8.5, 10, 7],
			"rotation": {"angle": 45, "axis": "z", "origin": [8.5, 9.5, 5.5]},
			"faces": {
				"north": {"uv": [0, 0, 0, 1], "texture": "#missing"},
				"east": {"uv": [0, 7, 3, 8], "rotation": 180, "texture": "#0"},
				"south": {"uv": [0, 0, 0, 1], "texture": "#missing"},
				"west": {"uv": [0, 7, 3, 8], "texture": "#0"},
				"up": {"uv": [0, 0, 0, 3], "texture": "#missing"},
				"down": {"uv": [0, 0, 0, 3], "texture": "#missing"}
			}
		},
		{
			"name": "shell",
			"from": [8.5, 9, 4],
			"to": [8.5, 10, 7],
			"rotation": {"angle": -45, "axis": "z", "origin": [8.5, 9.5, 5.5]},
			"faces": {
				"north": {"uv": [0, 0, 0, 1], "texture": "#missing"},
				"east": {"uv": [0, 7, 3, 8], "rotation": 180, "texture": "#0"},
				"south": {"uv": [0, 0, 0, 1], "texture": "#missing"},
				"west": {"uv": [0, 7, 3, 8], "texture": "#0"},
				"up": {"uv": [0, 0, 0, 3], "texture": "#missing"},
				"down": {"uv": [0, 0, 0, 3], "texture": "#missing"}
			}
		}
	],
	"display": {
		"thirdperson_righthand": {
			"translation": [0, 0, -1]
		},
		"thirdperson_lefthand": {
			"translation": [0, 0, -1]
		},
		"firstperson_righthand": {
			"rotation": [0, -10, -4],
			"translation": [5, 3.5, 5]
		},
		"firstperson_lefthand": {
			"rotation": [0, -10, -4],
			"translation": [5, 3.5, 5]
		},
		"ground": {
			"rotation": [36, 0, 0],
			"translation": [0, 2, 0],
			"scale": [0.8, 0.8, 0.8]
		},
		"gui": {
			"rotation": [-124, -34.5, -133.5],
			"translation": [-1.75, 2, 0],
			"scale": [1, 1, 0.9]
		},
		"fixed": {
			"rotation": [90, 67.5, -90],
			"translation": [3.75, 0, -1.5]
		}
	},
	"groups": [
		{
			"name": "doublebarrel",
			"origin": [8, 8, 8],
			"color": 0,
			"children": [
				0,
				1,
				2,
				3,
				4,
				5,
				{
					"name": "break",
					"origin": [8, 9, 7],
					"color": 0,
					"children": [6, 7, 8, 9]
				},
				{
					"name": "shells",
					"origin": [8.5, 9.5, 5.5],
					"color": 0,
					"children": [10, 11, 12, 13]
				}
			]
		}
	]
}